City_ID,City,Country,Date,Lat,Lng,Max Temp,Humidity,Cloudiness,Wind Speed
0,Jamestown,US,2022-01-03 04:48:35,42.097,-79.2353,24.12,68,90,5.99
1,Bredasdorp,ZA,2022-01-03 04:48:35,-34.5322,20.0403,58.28,88,83,1.14
2,Coquimbo,CL,2022-01-03 04:48:36,-29.9533,-71.3436,60.53,94,0,0.0
3,Pochutla,MX,2022-01-03 04:48:36,15.7432,-96.4661,76.82,74,0,4.05
4,Vanimo,PG,2022-01-03 04:48:36,-2.6741,141.3028,78.71,90,100,8.7
5,Lorengau,PG,2022-01-03 04:48:37,-2.0226,147.2712,81.45,80,100,13.78
6,Punta Arenas,CL,2022-01-03 04:45:31,-53.15,-70.9167,41.11,65,75,9.22
7,Qaanaaq,GL,2022-01-03 04:48:37,77.484,-69.3632,-3.32,68,58,7.54
8,Nikolskoye,RU,2022-01-03 04:48:38,59.7035,30.7861,19.4,95,99,7.18
9,Lasa,IT,2022-01-03 04:48:39,46.6166,10.7002,41.88,79,38,5.99
10,Busselton,AU,2022-01-03 04:48:39,-33.65,115.3333,85.32,37,6,5.91
11,Adrar,MR,2022-01-03 04:48:39,20.5022,-10.0711,57.29,33,0,11.36
12,Ushuaia,AR,2022-01-03 04:44:03,-54.8,-68.3,40.66,56,40,19.57
13,Tabou,CI,2022-01-03 04:48:40,4.423,-7.3528,78.84,83,52,6.33
14,Salalah,OM,2022-01-03 04:48:41,17.0151,54.0924,69.89,83,75,3.44
15,Mahajanga,MG,2022-01-03 04:48:41,-15.7167,46.3167,75.22,94,40,3.44
16,Ribeira Grande,PT,2022-01-03 04:48:42,38.5167,-28.7,57.4,76,100,24.32
17,Dukat,RU,2022-01-03 04:48:42,62.55,155.55,22.64,92,96,21.85
18,Maryville,US,2022-01-03 04:47:30,35.7565,-83.9705,48.67,95,90,8.99
19,Hobart,AU,2022-01-03 04:48:43,-42.8794,147.3294,72.01,57,40,1.99
20,Upernavik,GL,2022-01-03 04:48:43,72.7868,-56.1549,-4.11,84,40,7.36
21,Thompson,CA,2022-01-03 04:48:44,55.7435,-97.8558,-20.04,76,75,2.3
22,Albany,US,2022-01-03 04:44:23,42.6001,-73.9662,28.27,83,94,10.0
23,Mataura,NZ,2022-01-03 04:48:44,-46.1927,168.8643,68.49,50,100,1.83
24,Hithadhoo,MV,2022-01-03 04:48:45,-0.6,73.0833,81.19,77,22,6.13
25,Launceston,AU,2022-01-03 04:48:45,-41.45,147.1667,77.61,41,90,5.01
26,Rikitea,PF,2022-01-03 04:48:46,-23.1203,-134.9692,77.77,70,80,8.14
27,Aljezur,PT,2022-01-03 04:48:46,37.3191,-8.8033,57.52,75,14,2.66
28,Avarua,CK,2022-01-03 04:48:46,-21.2078,-159.775,80.65,78,20,12.66
29,Wahiawa,US,2022-01-03 04:48:52,21.5028,-158.0236,68.32,83,1,0.0
30,Puerto Ayora,EC,2022-01-03 04:48:52,-0.7393,-90.3518,69.58,87,98,5.3
31,Provideniya,RU,2022-01-03 04:48:53,64.3833,-173.3,14.36,98,99,1.83
32,Ilulissat,GL,2022-01-03 04:48:53,69.2167,-51.1,12.22,52,97,2.3
33,Coruripe,BR,2022-01-03 04:48:54,-10.1256,-36.1756,76.15,75,43,8.41
34,Manavalakurichi,IN,2022-01-03 04:48:54,8.1333,77.3,89.69,57,7,8.32
35,Mahebourg,MU,2022-01-03 04:48:54,-20.4081,57.7,83.25,73,20,2.3
36,Lompoc,US,2022-01-03 04:44:32,34.6391,-120.4579,51.13,73,1,0.0
37,Samarai,PG,2022-01-03 04:48:55,-10.6167,150.6667,85.44,71,93,10.65
38,Atuona,PF,2022-01-03 04:48:55,-9.8,-139.0333,78.62,72,20,17.98
39,Tignere,CM,2022-01-03 04:48:56,7.3667,12.65,59.27,29,35,3.49
40,Buta,CD,2022-01-03 04:48:56,2.7858,24.73,69.64,95,91,1.39
41,Ocos,GT,2022-01-03 04:48:57,14.5094,-92.1933,79.0,76,30,9.42
42,Tayu,ID,2022-01-03 04:48:57,-6.5397,111.0518,83.93,70,99,4.27
43,Chuy,UY,2022-01-03 04:48:58,-33.6971,-53.4616,72.23,75,0,7.2
44,Hofn,IS,2022-01-03 04:48:58,64.2539,-15.2082,26.28,57,0,21.7
45,Qaqortoq,GL,2022-01-03 04:48:58,60.7167,-46.0333,32.5,65,100,13.22
46,La Ronge,CA,2022-01-03 04:45:44,55.1001,-105.2842,-5.55,77,90,3.44
47,Dikson,RU,2022-01-03 04:49:59,73.5069,80.5464,-39.5,94,83,5.59
48,Bluff,NZ,2022-01-03 04:50:00,-46.6,168.3333,68.81,79,100,1.28
49,La Libertad,EC,2022-01-03 04:50:01,-2.2333,-80.9,72.52,81,99,9.19
50,Talnakh,RU,2022-01-03 04:50:01,69.4865,88.3972,-34.65,93,11,4.5
51,East London,ZA,2022-01-03 04:50:02,-33.0153,27.9116,67.14,88,40,4.61
52,Camopi,GF,2022-01-03 04:50:02,3.1655,-52.3158,70.12,100,45,2.13
53,Lagoa,PT,2022-01-03 04:50:03,39.05,-27.9833,56.82,70,100,19.35
54,Montbrison,FR,2022-01-03 04:50:03,45.6667,4.0833,48.54,85,100,3.11
55,Tasiilaq,GL,2022-01-03 04:50:04,65.6145,-37.6368,4.41,61,99,9.95
56,Esperance,AU,2022-01-03 04:50:04,-33.8667,121.9,87.64,58,0,21.03
57,Olinda,BR,2022-01-03 04:50:04,-8.0089,-34.8553,82.13,74,40,5.75
58,Tahlequah,US,2022-01-03 04:50:05,35.9154,-94.97,21.85,79,1,0.0
59,Grindavik,IS,2022-01-03 04:50:05,63.8424,-22.4338,25.27,63,20,11.5
60,Lebu,CL,2022-01-03 04:50:06,-37.6167,-73.65,59.47,96,73,9.28
61,Bambous Virieux,MU,2022-01-03 04:50:06,-20.3428,57.7575,82.22,73,20,2.3
62,Simao Dias,BR,2022-01-03 04:50:06,-10.7383,-37.8111,69.42,96,49,4.7
63,Santa Isabel Do Rio Negro,BR,2022-01-03 04:50:07,-0.4139,-65.0192,76.35,77,98,2.17
64,Jinxiang,CN,2022-01-03 04:50:08,27.4327,120.6062,56.34,58,0,5.73
65,Hermanus,ZA,2022-01-03 04:48:10,-34.4187,19.2345,58.8,79,60,7.47
66,Barrow,US,2022-01-03 04:50:08,71.2906,-156.7887,-29.18,100,75,6.91
67,Tual,ID,2022-01-03 04:50:09,-5.6667,132.75,82.96,75,99,12.21
68,Kapaa,US,2022-01-03 04:50:09,22.0752,-159.319,75.18,82,75,1.01
69,Waingapu,ID,2022-01-03 04:50:09,-9.6567,120.2641,85.3,70,91,5.08
70,Vostok,RU,2022-01-03 04:50:10,46.4856,135.8833,-5.6,94,100,11.18
71,Gumdag,TM,2022-01-03 04:50:10,39.2061,54.5906,45.46,76,100,10.13
72,Cape Town,ZA,2022-01-03 04:50:04,-33.9258,18.4232,63.1,83,20,5.01
73,Portland,US,2022-01-03 04:49:07,45.5234,-122.6762,51.6,81,100,1.01
74,New Norfolk,AU,2022-01-03 04:50:11,-42.7826,147.0587,71.65,34,98,5.82
75,Taunggyi,MM,2022-01-03 04:50:12,20.7833,97.0333,70.9,34,34,4.45
76,Simpang,ID,2022-01-03 04:50:12,-1.2667,104.0833,87.17,59,100,4.85
77,Coria,ES,2022-01-03 04:50:13,39.9879,-6.5377,43.45,91,94,1.54
78,Iqaluit,CA,2022-01-03 04:50:13,63.7506,-68.5145,-4.27,70,40,0.0
79,Lipari,IT,2022-01-03 04:50:13,38.4674,14.954,57.76,71,100,6.55
80,Kavieng,PG,2022-01-03 04:50:14,-2.5744,150.7967,82.87,78,100,14.14
81,Beringovskiy,RU,2022-01-03 04:50:14,63.05,179.3167,25.63,94,100,11.86
82,Kodiak,US,2022-01-03 04:50:15,57.79,-152.4072,16.88,70,97,33.64
83,Maragogi,BR,2022-01-03 04:50:15,-9.0122,-35.2225,76.71,80,45,7.43
84,Tura,IN,2022-01-03 04:50:16,25.5198,90.2201,72.66,39,35,2.53
85,West Bay,KY,2022-01-03 04:50:16,19.3667,-81.4167,78.01,83,0,1.01
86,Castro,BR,2022-01-03 04:50:17,-24.7911,-50.0119,63.12,91,13,3.8
87,Airai,TL,2022-01-03 04:50:17,-8.9266,125.4092,71.53,75,88,2.19
88,Chambas,CU,2022-01-03 04:50:17,22.1928,-78.9136,68.54,85,0,3.24
89,Ponta Do Sol,PT,2022-01-03 04:50:18,32.6667,-17.1,69.12,18,19,3.51
90,Grants,US,2022-01-03 04:50:18,35.1473,-107.8514,19.17,75,2,0.45
91,Nizhniy Kuranakh,RU,2022-01-03 04:51:19,58.8353,125.4869,-16.96,97,99,2.19
92,Mount Gambier,AU,2022-01-03 04:51:20,-37.8333,140.7667,67.91,45,75,18.41
93,Borogontsy,RU,2022-01-03 04:51:21,62.6683,131.1683,-41.98,100,100,2.53
94,Nome,US,2022-01-03 04:51:21,64.5011,-165.4064,-14.73,76,1,0.0
95,Gogrial,SS,2022-01-03 04:51:22,8.5332,28.1004,70.52,31,3,9.33
96,Abu Dhabi,AE,2022-01-03 04:49:27,24.4667,54.3667,75.22,73,40,4.0
97,Norman Wells,CA,2022-01-03 04:51:22,65.282,-126.8329,-30.96,68,75,13.8
98,San Vicente De Chucuri,CO,2022-01-03 04:51:23,6.881,-73.4098,72.77,89,43,3.29
99,Belmonte,BR,2022-01-03 04:51:23,-15.8631,-38.8828,75.7,84,100,5.93
100,Victor Harbor,AU,2022-01-03 04:51:24,-35.5667,138.6167,77.72,68,20,3.0
101,Meulaboh,ID,2022-01-03 04:51:24,4.1363,96.1285,83.34,70,51,3.51
102,Sitka,US,2022-01-03 04:51:25,57.0531,-135.33,28.29,59,75,10.36
103,Moron,AR,2022-01-03 04:51:25,-34.6534,-58.6198,78.55,82,78,5.1
104,Iskateley,RU,2022-01-03 04:51:25,67.6803,53.1512,-3.05,97,100,14.36
105,Pucallpa,PE,2022-01-03 04:51:26,-8.3791,-74.5539,80.64,83,40,8.05
106,Kaduqli,SD,2022-01-03 04:51:26,11.0167,29.7167,65.21,28,12,15.7
107,Gweta,BW,2022-01-03 04:51:27,-20.1833,25.2333,75.22,62,86,9.33
108,Marabba,SD,2022-01-03 04:51:27,12.35,32.1833,64.69,30,14,15.01
109,College,US,2022-01-03 04:51:28,64.8569,-147.8028,-34.01,62,20,4.61
110,Victoria,HK,2022-01-03 04:48:54,22.2855,114.1577,72.97,75,66,1.99
111,Luwuk,ID,2022-01-03 04:51:28,-0.9516,122.7875,78.51,90,100,1.39
112,Vaini,TO,2022-01-03 04:51:29,-21.2,-175.2,78.96,89,90,16.11
113,San Francisco,US,2022-01-03 04:51:29,37.7749,-122.4194,52.36,85,40,1.01
114,Havoysund,NO,2022-01-03 04:51:29,70.9963,24.6622,19.63,73,100,31.83
115,Vao,NC,2022-01-03 04:51:30,-22.6667,167.4833,78.69,82,100,16.08
116,Ahipara,NZ,2022-01-03 04:51:30,-35.1667,173.1667,71.96,65,83,7.14
117,Alofi,NU,2022-01-03 04:51:31,-19.0595,-169.9187,76.89,94,90,4.61
118,Lakes Entrance,AU,2022-01-03 04:51:31,-37.8811,147.981,69.17,61,33,8.57
119,Chokurdakh,RU,2022-01-03 04:51:32,70.6333,147.9167,-25.35,96,99,0.6
120,Tanout,NE,2022-01-03 04:51:32,14.9709,8.8879,57.24,40,99,16.84
121,Mar Del Plata,AR,2022-01-03 04:47:44,-38.0023,-57.5575,69.1,84,0,1.99
122,Saskylakh,RU,2022-01-03 04:51:33,71.9167,114.0833,-52.1,100,68,3.22
123,Jian,CN,2022-01-03 04:51:33,27.1172,114.9793,61.03,39,9,2.04
124,Recco,IT,2022-01-03 04:51:34,44.3623,9.1435,56.35,93,100,7.18
125,Olmos,PE,2022-01-03 04:51:34,-5.9847,-79.7453,68.9,68,99,3.44
126,Saint-Philippe,RE,2022-01-03 04:51:34,-21.3585,55.7679,83.79,70,25,8.34
127,Sur,OM,2022-01-03 04:51:35,22.5667,59.5289,76.5,62,100,20.2
128,Jumla,NP,2022-01-03 04:51:35,29.2747,82.1838,46.99,30,79,3.47
129,Eaglesham,GB,2022-01-03 04:51:36,55.7412,-4.2746,45.75,89,75,20.71
130,Xian,CN,2022-01-03 04:51:36,34.2583,108.9286,40.01,35,0,1.03
131,Katobu,ID,2022-01-03 04:51:37,-4.9408,122.5276,86.09,65,82,3.47
132,Bagepalli,IN,2022-01-03 04:51:37,13.7847,77.7931,70.14,50,2,9.89
133,Khatanga,RU,2022-01-03 04:51:38,71.9667,102.5,-51.95,99,72,3.76
134,Port Lincoln,AU,2022-01-03 04:51:38,-34.7333,135.8667,67.23,57,3,14.16
135,Ugoofaaru,MV,2022-01-03 04:51:38,5.6667,73.0,82.22,77,7,18.9
136,Butaritari,KI,2022-01-03 04:51:39,3.0707,172.7902,81.1,67,100,13.4
137,Port Alfred,ZA,2022-01-03 04:51:39,-33.5906,26.891,67.77,74,57,4.59
138,Okhotsk,RU,2022-01-03 04:51:40,59.3833,143.3,-1.8,90,100,8.25
139,Bam,IR,2022-01-03 04:51:40,29.106,58.357,59.05,69,73,6.46
140,Georgetown,MY,2022-01-03 04:52:41,5.4112,100.3354,87.89,64,20,14.97
141,Hilo,US,2022-01-03 04:52:41,19.7297,-155.09,74.93,89,1,6.91
142,Visby,SE,2022-01-03 04:52:42,57.6409,18.296,41.22,100,90,11.5
143,Cabo San Lucas,MX,2022-01-03 04:49:34,22.8909,-109.9124,70.52,75,53,3.24
144,Darhan,MN,2022-01-03 04:50:29,49.4867,105.9228,2.03,78,24,4.72
145,Manuk Mangkaw,PH,2022-01-03 04:52:42,4.8,119.85,79.34,78,100,5.41
146,Severo-Kurilsk,RU,2022-01-03 04:52:43,50.6789,156.125,24.98,64,46,4.85
147,Yinchuan,CN,2022-01-03 04:52:22,38.4681,106.2731,28.8,30,15,0.98
148,Taksimo,RU,2022-01-03 04:52:44,56.3444,114.8794,-18.56,92,98,1.66
149,Srednekolymsk,RU,2022-01-03 04:52:44,67.45,153.6833,-16.1,99,100,8.43
150,Pokhara,NP,2022-01-03 04:52:44,28.2333,83.9833,62.73,46,13,5.37
151,Yumen,CN,2022-01-03 04:52:45,40.2833,97.2,27.0,32,0,10.6
152,Lac-Megantic,CA,2022-01-03 04:52:45,45.5834,-70.8823,8.51,88,83,7.87
153,The Valley,AI,2022-01-03 04:52:46,18.217,-63.0578,78.1,70,1,16.35
154,Fare,PF,2022-01-03 04:52:46,-16.7,-151.0167,76.73,86,100,11.56
155,Isiro,CD,2022-01-03 04:52:47,2.7739,27.616,66.74,93,97,1.14
156,Tshela,CD,2022-01-03 04:52:47,-4.9833,12.9333,73.36,99,100,0.65
157,Babu,CN,2022-01-03 04:52:48,24.4167,111.5167,70.88,52,62,1.12
158,San-Pedro,CI,2022-01-03 04:52:48,4.7485,-6.6363,78.71,86,56,5.1
159,Floro,NO,2022-01-03 04:52:49,61.5996,5.0328,44.96,93,90,20.71
160,Ambon,ID,2022-01-03 04:49:13,-3.6954,128.1814,85.1,68,48,5.64
161,Carnarvon,AU,2022-01-03 04:52:49,-24.8667,113.6333,82.47,65,0,17.27
162,Boa Vista,BR,2022-01-03 04:52:50,2.8197,-60.6733,78.78,69,0,9.22
163,Carndonagh,IE,2022-01-03 04:52:50,55.25,-7.2667,45.55,86,58,19.13
164,Tuktoyaktuk,CA,2022-01-03 04:52:51,69.4541,-133.0374,-23.8,69,40,10.36
165,Bengkulu,ID,2022-01-03 04:52:51,-3.8004,102.2655,82.92,68,71,5.75
166,Mulanje,MW,2022-01-03 04:52:51,-16.0316,35.5,75.06,83,94,1.52
167,Luena,AO,2022-01-03 04:52:52,-11.7833,19.9167,61.68,96,100,2.39
168,Luoyang,CN,2022-01-03 04:52:52,34.6836,112.4536,49.33,30,0,4.05
169,Necochea,AR,2022-01-03 04:52:53,-38.5473,-58.7368,61.03,70,71,6.42
170,Gambela,ET,2022-01-03 04:52:53,8.25,34.5833,80.11,52,71,2.17
171,Shimoda,JP,2022-01-03 04:52:54,34.6667,138.95,53.96,56,69,4.12
172,Nanortalik,GL,2022-01-03 04:52:54,60.1432,-45.2371,31.48,91,100,27.98
173,Byron Bay,AU,2022-01-03 04:52:55,-28.65,153.6167,85.05,72,71,23.73
174,Salvacion,PH,2022-01-03 04:52:55,7.9833,126.1333,75.52,94,100,4.32
175,Port Elizabeth,ZA,2022-01-03 04:52:56,-33.918,25.5701,62.1,88,75,1.14
176,Sao Joao Da Barra,BR,2022-01-03 04:49:41,-21.6403,-41.0511,74.61,90,100,10.67
177,Severomuysk,RU,2022-01-03 04:52:56,56.1481,113.4267,-13.32,90,100,3.51
178,Palmas De Monte Alto,BR,2022-01-03 04:52:57,-14.2672,-43.1619,69.22,95,100,3.02
179,Misratah,LY,2022-01-03 04:52:57,32.3754,15.0925,59.41,78,27,9.62
180,Half Moon Bay,US,2022-01-03 04:50:15,37.4636,-122.4286,52.3,85,90,3.44
181,Tuatapere,NZ,2022-01-03 04:50:09,-46.1333,167.6833,68.83,75,100,1.77
182,Lamu,KE,2022-01-03 04:52:58,-2.2717,40.902,79.02,73,99,8.19
183,Bethel,US,2022-01-03 04:52:59,41.3712,-73.414,36.55,80,20,6.91
184,Nelson Bay,AU,2022-01-03 04:52:59,-32.7167,152.15,82.76,68,5,1.99
185,Rafai,CF,2022-01-03 04:53:59,4.95,23.9167,68.7,72,44,2.77
186,Namatanai,PG,2022-01-03 04:54:00,-3.6667,152.4333,83.59,73,98,11.43
187,Marica,BR,2022-01-03 04:54:00,-22.9194,-42.8186,77.86,87,97,3.91
188,Sorong,ID,2022-01-03 04:54:01,-0.8833,131.25,83.8,74,88,7.76
189,Verkhnyaya Inta,RU,2022-01-03 04:54:01,65.9811,60.3094,3.43,91,100,11.39
190,Coronado,US,2022-01-03 04:49:38,32.6859,-117.1831,54.7,73,1,0.0
191,Dongsheng,CN,2022-01-03 04:54:02,39.8161,109.9776,23.4,33,0,5.75
192,Narsaq,GL,2022-01-03 04:54:02,60.9167,-46.05,24.57,73,100,12.5
193,Rio Bananal,BR,2022-01-03 04:53:13,-19.265,-40.3333,71.31,94,100,2.51
194,Gambo,CF,2022-01-03 04:54:03,4.6482,22.2633,71.17,77,80,1.99
195,Kalevala,RU,2022-01-03 04:54:04,65.2,31.1667,-12.98,100,100,2.39
196,Fortuna,US,2022-01-03 04:51:13,40.5982,-124.1573,50.67,71,90,14.0
197,Faanui,PF,2022-01-03 04:54:04,-16.4833,-151.75,77.85,82,100,13.71
198,Sao Filipe,CV,2022-01-03 04:54:05,14.8961,-24.4956,75.67,60,64,10.22
199,Ukiah,US,2022-01-03 04:52:11,39.1502,-123.2078,47.82,79,20,3.44
200,Segezha,RU,2022-01-03 04:54:06,63.7415,34.3222,-13.79,100,100,2.95
201,Arraial Do Cabo,BR,2022-01-03 04:54:06,-22.9661,-42.0278,75.0,91,95,14.56
202,Colmenar Viejo,ES,2022-01-03 04:54:06,40.6591,-3.7676,47.71,78,94,1.01
203,Irece,BR,2022-01-03 04:54:07,-11.3042,-41.8558,67.1,91,98,6.98
204,Kariba,ZW,2022-01-03 04:54:07,-16.5167,28.8,71.71,80,82,4.18
205,Kruisfontein,ZA,2022-01-03 04:54:08,-34.0033,24.7314,59.88,67,100,1.14
206,Nikolskiy,RU,2022-01-03 04:54:08,60.9151,34.0645,3.24,99,100,3.74
207,San Patricio,US,2022-01-03 04:54:08,28.017,-97.5169,48.06,39,0,7.96
208,Isangel,VU,2022-01-03 04:52:47,-19.55,169.2667,78.91,100,90,6.91
209,Roma,US,2022-01-03 04:54:09,43.2128,-75.4557,23.65,83,16,1.01
210,Kirgiz-Miyaki,RU,2022-01-03 04:54:10,53.6324,54.7979,8.24,95,99,8.19
211,Nishihara,JP,2022-01-03 04:54:10,26.1842,127.7558,69.46,60,20,12.66
212,Stephenville,US,2022-01-03 04:54:11,32.2207,-98.2023,30.54,62,1,0.0
213,Imeni Poliny Osipenko,RU,2022-01-03 04:54:11,52.4201,136.4853,-9.94,90,100,0.98
214,Zhoucheng,CN,2022-01-03 04:54:12,35.9122,116.3117,45.23,42,0,2.71
215,Sisimiut,GL,2022-01-03 04:54:12,66.9395,-53.6735,16.45,63,89,15.39
216,Hasaki,JP,2022-01-03 04:54:13,35.7333,140.8333,50.29,45,35,5.3
217,Romitan,UZ,2022-01-03 04:54:13,39.9343,64.3814,46.35,87,0,6.91
218,Balkanabat,TM,2022-01-03 04:54:13,39.5108,54.3671,45.73,80,83,10.13
219,Muros,ES,2022-01-03 04:54:14,42.7762,-9.0603,58.08,87,100,12.03
220,Indore,IN,2022-01-03 04:54:14,22.7179,75.8333,62.78,77,81,5.75
221,Ha Tinh,VN,2022-01-03 04:54:15,18.3333,105.9,67.73,81,97,7.47
222,Salinopolis,BR,2022-01-03 04:54:15,-0.6136,-47.3561,78.96,86,100,10.16
223,Bonthe,SL,2022-01-03 04:54:16,7.5264,-12.505,80.35,79,91,4.12
224,Lucapa,AO,2022-01-03 04:54:16,-8.4192,20.7447,64.83,99,100,1.83
225,Odienne,CI,2022-01-03 04:54:17,9.51,-7.5692,66.78,22,84,2.06
226,Sangmelima,CM,2022-01-03 04:54:17,2.9333,11.9833,65.14,98,100,1.43
227,Talaya,RU,2022-01-03 04:55:18,61.3833,152.75,-18.06,99,100,0.85
228,San Quintin,MX,2022-01-03 04:55:18,30.4833,-115.95,51.44,52,57,6.11
229,Coihaique,CL,2022-01-03 04:53:49,-45.5752,-72.0662,47.01,96,89,7.47
230,Cidreira,BR,2022-01-03 04:55:19,-30.1811,-50.2056,72.41,94,91,10.2
231,Port-Cartier,CA,2022-01-03 04:55:19,50.0334,-66.8654,-0.26,85,79,9.24
232,Deputatskiy,RU,2022-01-03 04:55:20,69.3,139.9,-25.49,100,100,1.23
233,Znamenka,RU,2022-01-03 04:55:20,52.4167,41.4311,-2.13,99,76,5.79
234,Porto De Moz,BR,2022-01-03 04:55:21,-1.7483,-52.2383,72.73,99,100,3.6
235,Santa Fe,AR,2022-01-03 04:55:21,-31.6333,-60.7,79.75,84,98,1.99
236,Aguimes,ES,2022-01-03 04:55:21,27.9054,-15.4461,68.67,34,0,5.75
237,Cooma,AU,2022-01-03 04:55:22,-36.2333,149.1333,73.17,60,40,10.36
238,Luan,CH,2022-01-03 04:55:22,46.3592,6.9759,43.68,82,100,3.74
239,Chumikan,RU,2022-01-03 04:55:23,54.7183,135.315,-10.1,83,13,14.63
240,Russell,US,2022-01-03 04:55:23,32.3502,-85.1999,53.31,92,90,21.85
241,Kandi,BJ,2022-01-03 04:55:24,11.1342,2.9386,68.4,24,100,6.6
242,Dalbandin,PK,2022-01-03 04:55:21,28.8947,64.4101,62.24,38,95,23.17
243,Khani,GE,2022-01-03 04:55:24,41.9563,42.9566,29.77,97,87,2.44
244,Luderitz,NA,2022-01-03 04:55:25,-26.6481,15.1594,61.27,81,0,13.42
245,Khash,IR,2022-01-03 04:55:26,28.2211,61.2158,54.34,77,94,21.85
246,Lander,US,2022-01-03 04:50:42,42.833,-108.7307,25.2,67,1,0.0
247,Iowa City,US,2022-01-03 04:53:14,41.6611,-91.5302,-0.85,96,5,4.23
248,Amahai,ID,2022-01-03 04:55:26,-3.3333,128.9167,85.98,67,78,2.26
249,Chimbote,PE,2022-01-03 04:55:27,-9.0853,-78.5783,67.39,88,63,4.68
250,Kieta,PG,2022-01-03 04:55:27,-6.2167,155.6333,83.44,76,74,1.74
251,Te Anau,NZ,2022-01-03 04:55:28,-45.4167,167.7167,69.35,58,100,2.75
252,Port Blair,IN,2022-01-03 04:55:28,11.6667,92.75,82.89,65,80,13.29
253,Greytown,ZA,2022-01-03 04:55:28,-29.0642,30.5928,62.47,96,89,2.8
254,Namibe,AO,2022-01-03 04:55:29,-15.1961,12.1522,67.14,90,33,2.53
255,Lityn,UA,2022-01-03 04:55:29,49.3251,28.0809,35.92,86,100,17.9
256,San Carlos De Bariloche,AR,2022-01-03 04:53:40,-41.1456,-71.3082,51.55,43,40,27.63
257,Atasu,KZ,2022-01-03 04:55:30,48.6814,71.6433,19.71,94,99,5.75
258,Umrala,IN,2022-01-03 04:55:30,21.8333,71.8167,77.14,49,3,8.39
259,Inuvik,CA,2022-01-03 04:55:31,68.3499,-133.7218,-26.39,72,1,4.61
260,Shitanjing,CN,2022-01-03 04:55:31,39.2342,106.3439,28.09,29,4,3.65
261,Szedres,HU,2022-01-03 04:55:32,46.4755,18.6831,47.43,80,91,6.53
262,Cortez,US,2022-01-03 04:55:32,37.3489,-108.5859,18.7,86,9,5.28
263,Berdigestyakh,RU,2022-01-03 04:55:32,62.0989,126.6992,-26.82,97,71,5.26
264,Vila Velha,BR,2022-01-03 04:55:33,-20.3297,-40.2925,76.95,90,75,5.99
265,Pevek,RU,2022-01-03 04:55:33,69.7008,170.3133,29.66,76,100,19.77
266,Bonavista,CA,2022-01-03 04:55:34,48.6499,-53.1147,43.12,98,100,18.92
267,Puerto Ayacucho,VE,2022-01-03 04:55:34,5.6639,-67.6236,74.34,57,65,7.65
268,Basco,PH,2022-01-03 04:55:35,20.4487,121.9702,75.11,67,62,14.58
269,Pervomaysk,UA,2022-01-03 04:55:35,48.0443,30.8507,33.64,88,100,12.44
270,Longyearbyen,SJ,2022-01-03 04:55:35,78.2186,15.6401,8.44,66,20,33.38
271,Nuci,RO,2022-01-03 04:55:36,44.7167,26.3,41.16,91,100,10.8
272,Saldanha,ZA,2022-01-03 04:55:37,-33.0117,17.9442,59.05,84,100,15.28
273,Elmadag,TR,2022-01-03 04:56:37,39.9208,33.2308,29.34,81,22,2.98
274,Karratha,AU,2022-01-03 04:56:37,-20.7377,116.8463,94.5,37,0,16.78
275,Bongor,TD,2022-01-03 04:56:38,10.2806,15.3722,61.77,33,15,7.76
276,Tilichiki,RU,2022-01-03 04:56:38,60.4667,166.1,30.85,97,100,23.82
277,Gazanjyk,TM,2022-01-03 04:56:39,39.2446,55.5154,46.17,62,98,6.31
278,Hami,CN,2022-01-03 04:56:39,42.8,93.45,23.7,42,6,2.57
279,San Policarpo,PH,2022-01-03 04:56:40,12.1791,125.5072,79.54,76,100,19.15
280,Chardara,KZ,2022-01-03 04:56:40,41.2547,67.9692,49.98,49,100,12.01
281,Padang,ID,2022-01-03 04:56:41,-0.9492,100.3543,87.85,66,98,3.02
282,Champerico,GT,2022-01-03 04:56:41,14.3,-91.9167,79.03,76,9,8.34
283,Sept-Iles,CA,2022-01-03 04:56:42,50.2001,-66.3821,0.05,69,40,1.99
284,Yar-Sale,RU,2022-01-03 04:56:42,66.8333,70.8333,-11.76,100,100,13.35
285,Providencia,MX,2022-01-03 04:56:42,28.7167,-111.5833,53.85,73,5,9.48
286,Pacifica,US,2022-01-03 04:56:43,37.6138,-122.4869,52.11,86,90,1.01
287,Olafsvik,IS,2022-01-03 04:56:43,64.8945,-23.7142,27.79,62,78,6.2
288,Touros,BR,2022-01-03 04:56:44,-5.1989,-35.4608,81.5,78,45,11.21
289,Saint George,US,2022-01-03 04:56:44,37.1041,-113.5841,39.67,62,1,1.01
290,Torbay,CA,2022-01-03 04:56:45,47.6666,-52.7314,44.76,96,90,16.11
291,Vardo,NO,2022-01-03 04:56:45,70.3705,31.1107,3.4,69,100,14.09
292,Dingle,PH,2022-01-03 04:56:45,10.9995,122.6711,80.53,78,99,16.93
293,Juneau,US,2022-01-03 04:56:46,58.3019,-134.4197,-1.28,79,100,12.48
294,Houston,US,2022-01-03 04:51:55,29.7633,-95.3633,40.05,62,1,4.0
295,Bad Hersfeld,DE,2022-01-03 04:56:47,50.8667,9.7,47.44,89,94,14.16
296,Flin Flon,CA,2022-01-03 04:56:47,54.7682,-101.865,-4.58,97,100,6.11
297,Margate,GB,2022-01-03 04:56:48,51.3813,1.3862,51.51,80,56,5.01
298,Westlock,CA,2022-01-03 04:56:48,54.1502,-113.8688,-5.78,98,95,5.64
299,Tautira,PF,2022-01-03 04:56:49,-17.7333,-149.15,75.22,94,100,14.9
300,Wajir,KE,2022-01-03 04:56:49,1.7471,40.0573,73.36,83,75,5.75
301,Tucuman,AR,2022-01-03 04:55:33,-26.8241,-65.2226,78.8,83,19,5.75
302,Idah,NG,2022-01-03 04:56:50,7.1065,6.7342,72.41,28,46,2.71
303,Seymchan,RU,2022-01-03 04:56:50,62.8833,152.4333,-18.96,99,100,5.57
304,Puerto Escondido,MX,2022-01-03 04:56:51,15.85,-97.0667,77.83,69,1,0.0
305,Saint-Augustin,CA,2022-01-03 04:56:51,51.226,-58.6502,10.58,79,100,19.51
306,Honiara,SB,2022-01-03 04:56:52,-9.4333,159.95,81.95,81,89,9.46
307,Darnah,LY,2022-01-03 04:56:52,32.767,22.6367,58.57,77,0,13.33
308,Zhukovka,RU,2022-01-03 04:56:52,53.534,33.728,21.47,95,100,11.36
309,Cherskiy,RU,2022-01-03 04:56:53,68.75,161.3,12.83,92,100,5.23
310,Sri Aman,MY,2022-01-03 04:56:53,1.2376,111.4621,82.45,83,40,0.0
311,Mitsamiouli,KM,2022-01-03 04:56:54,-11.3847,43.2844,82.69,69,20,4.61
312,Jacksonville,US,2022-01-03 04:54:11,30.3322,-81.6556,73.11,80,75,4.0
313,Tiksi,RU,2022-01-03 04:56:55,71.6872,128.8694,-32.01,100,92,2.53
314,Molepolole,BW,2022-01-03 04:56:55,-24.4066,25.4951,64.54,51,1,11.1
315,Mahibadhoo,MV,2022-01-03 04:57:55,3.7833,72.9667,81.66,79,24,12.35
316,Nemuro,JP,2022-01-03 04:57:56,43.3236,145.575,19.83,64,69,25.72
317,Black River,JM,2022-01-03 04:57:56,18.0264,-77.8487,77.0,82,6,6.02
318,Biloxi,US,2022-01-03 04:57:57,30.396,-88.8853,37.51,81,90,10.36
319,Mount Pleasant,US,2022-01-03 04:54:55,32.7941,-79.8626,71.06,88,40,1.99
320,Jambi,ID,2022-01-03 04:57:57,-1.6,103.6167,86.23,61,100,4.79
321,Yellowknife,CA,2022-01-03 04:54:14,62.456,-114.3525,-31.45,75,1,12.66
322,Teya,RU,2022-01-03 04:57:58,60.3778,92.6267,8.64,92,99,5.84
323,Emerald,AU,2022-01-03 04:57:58,-23.5333,148.1667,102.34,19,40,10.36
324,Kutum,SD,2022-01-03 04:57:59,14.2,24.6667,48.52,59,35,11.12
325,Charters Towers,AU,2022-01-03 04:57:59,-20.1,146.2667,101.26,21,81,15.05
326,Cap Malheureux,MU,2022-01-03 04:58:00,-19.9842,57.6142,83.46,61,5,5.99
327,Aksarka,RU,2022-01-03 04:58:00,66.5606,67.7975,-12.15,98,100,12.35
328,Ketchikan,US,2022-01-03 04:58:01,55.3422,-131.6461,28.72,91,100,6.8
329,Comodoro Rivadavia,AR,2022-01-03 04:58:01,-45.8667,-67.5,57.06,30,0,25.32
330,Nioro,GM,2022-01-03 04:58:02,13.35,-15.75,68.77,16,53,6.85
331,Zhigansk,RU,2022-01-03 04:58:02,66.7697,123.3711,-51.27,99,63,4.81
332,Los Llanos De Aridane,ES,2022-01-03 04:58:03,28.6585,-17.9182,70.12,19,0,8.01
333,Manicore,BR,2022-01-03 04:58:03,-5.8092,-61.3003,73.98,97,96,2.04
334,Ancud,CL,2022-01-03 04:58:04,-41.8697,-73.8203,56.23,93,100,18.84
335,Almaznyy,RU,2022-01-03 04:58:04,48.0448,40.045,17.74,91,79,7.05
336,Haines Junction,CA,2022-01-03 04:58:05,60.7522,-137.5108,-16.65,58,100,9.22
337,Katsuura,JP,2022-01-03 04:58:05,35.1333,140.3,50.04,50,55,6.04
338,Khamamatyurt,RU,2022-01-03 04:58:06,43.6081,46.5006,33.82,68,99,12.37
339,Palmer,US,2022-01-03 04:58:06,42.1584,-72.3287,33.55,75,100,1.01
340,Sudbury,CA,2022-01-03 04:56:45,46.49,-80.99,4.06,92,47,0.98
341,Lalmohan,BD,2022-01-03 04:58:07,22.3384,90.7419,71.31,50,43,6.17
342,Temyasovo,RU,2022-01-03 04:58:07,52.9933,58.1014,17.96,96,100,7.99
343,Pacific Grove,US,2022-01-03 04:56:05,36.6177,-121.9166,49.57,86,29,1.01
344,Kaitangata,NZ,2022-01-03 04:58:08,-46.2817,169.8464,66.92,75,100,8.03
345,Trairi,BR,2022-01-03 04:58:08,-3.2778,-39.2689,78.73,84,24,8.21
346,Lusambo,CD,2022-01-03 04:58:09,-4.9667,23.45,69.94,97,100,1.54
347,Juchipila,MX,2022-01-03 04:58:09,21.4167,-103.1167,64.42,18,0,7.96
348,Saint Anthony,US,2022-01-03 04:58:10,45.0205,-93.218,6.49,77,1,5.01
349,Fairbanks,US,2022-01-03 04:56:13,64.8378,-147.7164,-33.99,62,35,0.0
350,Saint Joseph,US,2022-01-03 04:55:17,39.7686,-94.8466,8.08,100,7,4.52
351,Keuruu,FI,2022-01-03 04:58:11,62.2667,24.7,21.79,95,100,8.77
352,Hambantota,LK,2022-01-03 04:58:11,6.1241,81.1185,82.74,89,75,12.66
353,Chiredzi,ZW,2022-01-03 04:58:11,-21.05,31.6667,74.97,78,46,4.16
354,Ucluelet,CA,2022-01-03 04:58:12,48.9329,-125.5528,43.09,90,78,19.44
355,Alexandria,EG,2022-01-03 04:55:02,31.2156,29.9553,55.36,88,40,4.61
356,Ostrovnoy,RU,2022-01-03 04:58:13,68.0531,39.5131,16.0,85,100,16.44
357,Yei,SS,2022-01-03 04:58:13,4.095,30.6779,71.82,34,41,1.79
358,Wanning,CN,2022-01-03 04:58:14,18.8003,110.3967,72.57,74,100,11.61
359,Semey,KZ,2022-01-03 04:58:14,50.4111,80.2275,25.02,93,90,13.42
360,Sterling,US,2022-01-03 04:55:45,39.0062,-77.4286,46.69,76,75,3.0
361,Benguela,AO,2022-01-03 04:59:16,-12.5763,13.4055,75.69,83,95,3.06
362,Varhaug,NO,2022-01-03 04:59:17,58.6147,5.6457,45.9,91,95,20.0
363,Guamuchil,MX,2022-01-03 04:59:17,25.4667,-108.1,58.68,67,9,2.71
364,Batagay-Alyta,RU,2022-01-03 04:59:17,67.8006,130.4114,-41.8,98,15,3.42
365,Pompeia,BR,2022-01-03 04:59:18,-22.1086,-50.1717,69.57,88,35,4.45
366,Camacha,PT,2022-01-03 04:59:18,33.0833,-16.3333,63.36,72,0,3.44
367,Bardiyah,LY,2022-01-03 04:59:19,31.7561,25.0865,59.54,76,36,9.66
368,Natal,BR,2022-01-03 04:58:50,-5.795,-35.2094,81.25,83,40,9.22
369,Andenes,NO,2022-01-03 04:59:19,69.3143,16.1194,33.78,69,75,28.77
370,Egvekinot,RU,2022-01-03 04:59:20,66.3167,-179.1667,20.82,97,100,4.76
371,Christchurch,NZ,2022-01-03 04:58:40,-43.5333,172.6333,77.32,70,99,12.66
372,Alihe,CN,2022-01-03 04:59:21,50.5667,123.7167,2.21,52,10,10.67
373,Gorom-Gorom,BF,2022-01-03 04:59:21,14.4439,-0.2361,63.55,30,42,11.01
374,Charlestown,AU,2022-01-03 04:58:03,-32.95,151.6667,81.1,71,0,5.99
375,Charyshskoye,RU,2022-01-03 04:59:22,51.3978,83.5598,27.54,77,98,4.34
376,Husavik,IS,2022-01-03 04:59:23,66.0449,-17.3389,28.31,92,100,29.62
377,Usinsk,RU,2022-01-03 04:59:23,65.9939,57.5281,1.0,89,100,9.06
378,Palana,RU,2022-01-03 04:59:24,59.1167,159.9667,18.5,88,97,6.62
379,Havre-Saint-Pierre,CA,2022-01-03 04:59:24,50.2334,-63.5986,7.39,66,75,12.66
380,Novoagansk,RU,2022-01-03 04:59:24,61.9449,76.6625,15.12,95,100,8.77
381,Oranjestad,AW,2022-01-03 04:59:25,12.524,-70.027,80.55,69,20,5.99
382,Mattru,SL,2022-01-03 04:59:25,7.6244,-11.8332,75.78,90,95,1.77
383,Codrington,AU,2022-01-03 04:59:26,-38.2667,141.9667,65.16,50,22,15.55
384,Rawson,AR,2022-01-03 04:59:26,-43.3002,-65.1023,62.31,29,95,9.44
385,Leh,IN,2022-01-03 04:59:26,34.1667,77.5833,13.86,83,99,3.15
386,Biak,ID,2022-01-03 04:59:27,-0.9131,122.8766,76.24,89,100,1.48
387,Noumea,NC,2022-01-03 04:59:27,-22.2763,166.4572,76.98,92,100,8.21
388,Mizan Teferi,ET,2022-01-03 04:59:28,6.9833,35.5833,66.43,66,20,2.42
389,Bjornevatn,NO,2022-01-03 04:59:28,69.6672,29.9847,2.82,87,100,5.35
390,Cabedelo,BR,2022-01-03 04:59:29,-6.9811,-34.8339,77.67,79,49,10.04
391,Amazar,RU,2022-01-03 04:59:29,53.858,120.875,-4.02,63,8,3.38
392,Gilgit,PK,2022-01-03 04:59:29,35.9221,74.3087,36.34,63,100,1.5
393,Constantine,DZ,2022-01-03 04:59:30,36.365,6.6147,36.81,93,0,2.3
394,Stettler,CA,2022-01-03 04:59:30,52.3168,-112.7186,-2.36,100,100,11.5
395,Burnie,AU,2022-01-03 04:59:31,-41.0667,145.9167,67.26,65,57,9.89
396,Wewak,PG,2022-01-03 04:59:31,-3.5534,143.6268,79.05,84,100,7.52
397,Sainte-Rose,GP,2022-01-03 04:59:31,16.3324,-61.6979,75.18,88,20,1.14
398,Sorland,NO,2022-01-03 04:59:32,67.667,12.6934,39.27,73,100,21.18
399,Beisfjord,NO,2022-01-03 04:59:32,68.3751,17.5988,24.85,85,99,11.3
400,Alampur,IN,2022-01-03 04:59:33,15.8833,78.15,78.73,53,0,6.89
401,Dharchula,IN,2022-01-03 04:59:33,29.85,80.5333,62.13,19,64,3.0
402,Moussoro,TD,2022-01-03 04:59:34,13.6408,16.4901,59.65,43,50,17.96
403,Tigzirt,DZ,2022-01-03 04:59:34,36.8886,4.1198,56.82,57,8,4.36
404,Pingliang,CN,2022-01-03 04:59:35,35.5392,106.6861,37.09,48,12,3.33
405,Buala,SB,2022-01-03 04:59:35,-8.145,159.5921,84.7,72,85,10.85
406,Tessalit,ML,2022-01-03 04:59:36,20.1986,1.0114,55.98,31,0,12.75
407,Souillac,MU,2022-01-03 05:00:36,-20.5167,57.5167,83.35,61,40,4.61
408,Khorixas,NA,2022-01-03 05:00:37,-20.3667,14.9667,67.51,39,8,2.42
409,Mlowo,TZ,2022-01-03 05:00:37,-9.0,32.9833,65.84,77,100,1.07
410,Moses Lake,US,2022-01-03 05:00:38,47.1301,-119.2781,20.88,90,73,4.88
411,Amboasary,MG,2022-01-03 05:00:39,-25.0333,46.3833,80.55,62,68,10.65
412,Atbasar,KZ,2022-01-03 05:00:40,51.8,68.3333,16.54,90,100,7.63
413,Mumbwa,ZM,2022-01-03 05:00:41,-14.9783,27.0619,66.29,93,99,2.26
414,Stockelsdorf,DE,2022-01-03 05:00:41,53.8905,10.6258,47.32,93,75,11.5
415,Loa Janan,ID,2022-01-03 05:00:41,-0.583,117.095,79.79,82,100,2.98
416,Santa Rita,BR,2022-01-03 05:00:42,-7.1139,-34.9781,77.09,83,48,5.19
417,Kahului,US,2022-01-03 04:57:55,20.8947,-156.47,74.84,88,100,3.0
418,Megion,RU,2022-01-03 05:00:42,61.0296,76.1136,15.82,95,100,10.94
419,Opuwo,NA,2022-01-03 05:00:43,-18.0607,13.84,68.4,24,92,2.89
420,Tabas,IR,2022-01-03 05:00:43,33.5959,56.9244,52.59,79,100,5.1
421,Richards Bay,ZA,2022-01-03 05:00:44,-28.783,32.0377,72.01,94,98,2.93
422,Manacapuru,BR,2022-01-03 05:00:44,-3.2997,-60.6206,77.58,87,95,4.85
423,Prainha,BR,2022-01-03 05:00:45,-1.8,-53.48,73.27,96,100,3.71
424,Asyut,EG,2022-01-03 05:00:45,27.181,31.1837,52.72,91,0,6.96
425,Dunedin,NZ,2022-01-03 04:57:54,-45.8742,170.5036,64.76,63,100,8.12
426,Wasilla,US,2022-01-03 05:00:46,61.5814,-149.4394,-4.27,78,98,4.88
427,Kiama,AU,2022-01-03 05:00:46,-34.6833,150.8667,86.0,63,0,3.0
428,Banjarmasin,ID,2022-01-03 05:00:25,-3.3244,114.591,86.14,81,100,3.6
429,Japaratuba,BR,2022-01-03 05:00:47,-10.5933,-36.9403,72.77,86,93,5.44
430,Ulaangom,MN,2022-01-03 05:00:48,49.9811,92.0667,-12.21,96,90,1.43
431,Carutapera,BR,2022-01-03 05:00:48,-1.195,-46.02,76.48,93,100,6.29
432,Shymkent,KZ,2022-01-03 05:00:37,42.3,69.6,41.59,93,75,4.47
433,Turukhansk,RU,2022-01-03 05:00:49,65.8167,87.9833,-16.92,88,93,10.71
434,Nouadhibou,MR,2022-01-03 05:00:50,20.931,-17.0347,67.21,49,14,15.57
435,Alamos,MX,2022-01-03 05:00:00,27.0167,-108.9333,54.72,48,69,3.62
436,Maceio,BR,2022-01-03 05:00:51,-9.6658,-35.7353,78.24,83,40,11.5
437,Acajutla,SV,2022-01-03 05:00:51,13.5928,-89.8275,79.81,79,8,6.24
438,Parabel,RU,2022-01-03 05:00:52,58.6978,81.4825,17.1,95,100,8.95
439,Karrapur,IN,2022-01-03 05:00:52,23.95,78.85,65.5,33,12,4.63
440,Raudeberg,NO,2022-01-03 05:00:53,61.9875,5.1352,45.19,92,100,10.0
441,Inongo,CD,2022-01-03 05:00:53,-1.95,18.2667,72.0,87,100,0.74
442,Sainte-Suzanne,RE,2022-01-03 05:00:54,-20.9061,55.6089,84.42,72,0,10.36
443,Williams Lake,CA,2022-01-03 05:00:54,52.1415,-122.1445,20.23,70,100,11.99
444,Saulkrasti,LV,2022-01-03 05:00:55,57.2622,24.4147,31.95,96,100,2.04
445,Masuguru,TZ,2022-01-03 05:00:55,-11.3667,38.4167,77.81,83,72,4.43
446,Tromso,NO,2022-01-03 05:00:56,69.6496,18.957,28.42,64,75,21.85
447,Kiunga,PG,2022-01-03 05:00:56,-6.1219,141.2906,84.78,77,95,1.36
448,Umarkot,PK,2022-01-03 05:00:56,25.3616,69.7362,71.94,28,19,4.74
449,Wenling,CN,2022-01-03 05:00:57,28.3669,121.36,61.92,57,0,2.64
450,Dera Ismail Khan,PK,2022-01-03 05:00:57,31.8327,70.9024,64.96,25,94,1.48
451,Oildale,US,2022-01-03 05:00:58,35.4197,-119.0195,52.88,69,0,1.99
452,Kargasok,RU,2022-01-03 05:00:58,59.0556,80.8572,17.58,94,100,10.16
453,Awjilah,LY,2022-01-03 05:00:59,29.1081,21.2869,54.27,84,0,5.1
454,Yulara,AU,2022-01-03 05:00:59,-25.2406,130.9889,106.11,11,5,10.94
455,Freeport,US,2022-01-03 04:57:02,40.6576,-73.5832,39.25,72,75,3.0
456,Kamaishi,JP,2022-01-03 05:02:00,39.2667,141.8833,29.35,65,35,16.53
457,Bilibino,RU,2022-01-03 05:02:00,68.0546,166.4372,20.82,91,100,5.7
458,Privolzhskiy,RU,2022-01-03 05:02:01,51.4,46.0333,1.85,91,29,8.93
459,Riverton,US,2022-01-03 05:02:01,40.5219,-111.9391,26.49,72,1,1.99
460,Lamar,US,2022-01-03 05:02:01,33.6668,-95.5836,31.66,48,0,5.01
461,Myitkyina,MM,2022-01-03 05:02:02,25.3833,97.4,75.09,36,76,1.57
462,Tahe,CN,2022-01-03 05:02:02,52.3333,124.7333,-1.97,66,95,11.43
463,Sola,VU,2022-01-03 05:01:16,-13.8833,167.55,83.03,78,98,12.17
464,Pimentel,PE,2022-01-03 05:02:03,-6.8367,-79.9342,67.77,87,84,10.38
465,Neiafu,TO,2022-01-03 05:01:13,-18.65,-173.9833,81.77,76,47,27.07
466,Macas,EC,2022-01-03 05:00:38,-2.3167,-78.1167,67.87,97,98,2.44
467,Takoradi,GH,2022-01-03 05:02:04,4.8845,-1.7554,79.18,80,24,2.35
468,Vila Franca Do Campo,PT,2022-01-03 05:02:04,37.7167,-25.4333,61.2,98,100,6.49
469,Saint-Pierre,RE,2022-01-03 05:02:05,-21.3393,55.4781,83.88,58,0,4.61
470,Asosa,ET,2022-01-03 05:02:05,10.0667,34.5333,64.44,27,86,5.88
471,Cuauhtemoc,MX,2022-01-03 04:58:10,28.4167,-106.8667,36.93,45,2,5.5
472,Atambua,ID,2022-01-03 05:02:06,-9.1061,124.8925,82.04,75,87,4.47
473,Klaksvik,FO,2022-01-03 05:02:06,62.2266,-6.589,32.92,87,99,44.72
474,Thinadhoo,MV,2022-01-03 05:02:06,0.5333,72.9333,81.54,76,10,7.38
475,Gat,IL,2022-01-03 05:02:07,31.61,34.7642,54.39,100,80,0.92
476,Arica,CL,2022-01-03 05:02:07,-18.475,-70.3042,68.43,83,4,2.13
477,Lundazi,ZM,2022-01-03 05:02:08,-12.2929,33.1782,70.02,74,99,1.34
478,Lahti,RU,2022-01-03 05:02:08,59.9911,30.1597,19.69,88,100,9.15
479,Horasan,TR,2022-01-03 05:02:09,40.0458,42.1728,8.87,83,24,1.63
480,Geraldton,AU,2022-01-03 05:02:09,-28.7667,114.6,84.61,48,0,18.41
481,Lavrentiya,RU,2022-01-03 05:02:09,65.5833,-171.0,-0.71,99,94,1.54
482,Mayumba,GA,2022-01-03 05:02:10,-3.432,10.6554,76.73,92,100,4.65
483,Umm Lajj,SA,2022-01-03 05:02:10,25.0213,37.2685,65.1,61,41,7.16
484,Petropavlovka,RU,2022-01-03 05:02:11,50.6114,105.3196,4.12,79,10,3.0
485,Ballina,AU,2022-01-03 05:02:11,-28.8667,153.5667,76.78,74,75,23.44
486,Seoul,KR,2022-01-03 05:02:12,37.5683,126.9778,36.79,40,13,4.99
487,Karpathos,GR,2022-01-03 05:02:12,35.507,27.2132,57.16,72,0,13.8
488,Esmeraldas,BR,2022-01-03 05:02:13,-19.7625,-44.3139,66.13,98,100,4.59
489,Port-Gentil,GA,2022-01-03 05:02:13,-0.7193,8.7815,78.93,82,95,12.21
490,Cururupu,BR,2022-01-03 05:02:14,-1.8283,-44.8683,75.65,94,89,3.4
491,Hashtrud,IR,2022-01-03 05:02:14,37.4779,47.0508,26.65,96,100,1.52
492,Kalininsk,RU,2022-01-03 05:02:14,51.5,44.4758,-7.92,100,91,5.32
493,Synya,RU,2022-01-03 05:02:15,65.3718,58.0387,6.03,97,100,0.98
494,Zeven,DE,2022-01-03 05:02:15,53.3,9.2833,48.15,81,100,18.19
495,Linhares,BR,2022-01-03 05:01:10,-19.3911,-40.0722,71.98,96,100,2.77
496,Qinhuangdao,CN,2022-01-03 05:02:16,39.9317,119.5883,38.59,23,19,5.35
497,Brae,GB,2022-01-03 05:02:16,60.3964,-1.353,37.31,70,100,23.85
498,Davila,PH,2022-01-03 05:02:17,18.4726,120.5763,80.38,56,73,12.39
499,Edson,CA,2022-01-03 05:00:26,53.5835,-116.4356,-7.13,99,100,3.94
500,Lufilufi,WS,2022-01-03 05:02:17,-13.8745,-171.5986,83.79,78,100,18.03
501,Panzhihua,CN,2022-01-03 05:02:18,26.5851,101.7128,64.72,42,0,0.65
502,Khoy,IR,2022-01-03 05:02:18,38.5504,44.9535,24.76,94,99,2.28
503,Mongo,TD,2022-01-03 05:03:19,12.1844,18.693,58.1,40,43,6.93
504,Hailar,CN,2022-01-03 05:03:19,49.2,119.7,-2.07,85,11,7.45
505,Southampton,GB,2022-01-03 05:02:32,50.904,-1.4043,52.38,93,58,5.99
506,Waitati,NZ,2022-01-03 05:03:20,-45.75,170.5667,65.7,60,100,3.47
507,Harper,LR,2022-01-03 05:03:20,4.375,-7.7169,78.89,82,57,6.6
508,Komsomolskiy,UZ,2022-01-03 05:03:21,40.4272,71.7189,36.32,51,100,4.61
509,Leningradskiy,RU,2022-01-03 05:03:21,69.3833,178.4167,18.19,86,100,6.62
510,Zhezkazgan,KZ,2022-01-03 05:03:22,47.8043,67.7144,22.98,93,90,8.95
511,Shaoxing,CN,2022-01-03 05:03:23,30.011,120.5715,53.55,34,0,2.95
512,Bandarbeyla,SO,2022-01-03 05:03:24,9.4942,50.8122,77.94,69,55,6.98
513,Casas Grandes,MX,2022-01-03 05:03:24,30.3667,-107.95,38.5,43,17,4.16
514,Rio Grande,BR,2022-01-03 05:03:25,-32.035,-52.0986,70.56,84,13,8.08
515,Wittingen,DE,2022-01-03 05:03:25,52.7269,10.7361,49.5,100,100,19.15
516,Slave Lake,CA,2022-01-03 05:03:26,55.2834,-114.769,-10.52,98,100,4.16
517,Tigil,RU,2022-01-03 05:03:26,57.8,158.6667,19.8,95,99,3.53
518,Poum,NC,2022-01-03 05:03:26,-20.2333,164.0167,81.36,70,57,10.56
519,Rodeo,US,2022-01-03 05:03:27,38.033,-122.2669,52.5,83,1,0.0
520,Kimbe,PG,2022-01-03 05:03:27,-5.5502,150.1429,80.35,86,100,4.83
521,Tete,MZ,2022-01-03 05:03:28,-16.1564,33.5867,80.69,78,75,4.61
522,Mariental,NA,2022-01-03 05:03:28,-24.6333,17.9667,73.02,23,5,6.02
523,Innisfail,AU,2022-01-03 04:59:27,-17.5333,146.0333,99.88,66,42,8.39
524,Broome,US,2022-01-03 05:03:29,42.2506,-75.833,25.86,83,90,5.01
525,Purpe,RU,2022-01-03 05:03:29,64.4803,76.6897,-1.01,99,99,8.05
526,Cartagena,CO,2022-01-03 05:00:35,10.3997,-75.5144,78.62,83,16,11.39
527,Tayginka,RU,2022-01-03 05:03:30,55.6244,60.5076,18.16,92,100,5.59
528,Pisco,PE,2022-01-03 05:03:30,-13.7,-76.2167,67.01,89,89,1.97
529,Clyde River,CA,2022-01-03 05:03:16,70.4692,-68.5914,-10.05,97,100,7.49
530,Turan,VN,2022-01-03 05:02:54,16.0678,108.2208,75.18,78,75,8.05
531,Ramon,PH,2022-01-03 05:03:31,16.7842,121.535,75.85,69,81,2.68
532,Kosh-Agach,RU,2022-01-03 05:03:32,50.0,88.6667,-5.24,96,88,0.72
533,Saint-Raymond,CA,2022-01-03 05:03:32,45.467,-73.6095,12.09,77,1,6.91
534,Oistins,BB,2022-01-03 05:03:32,13.0667,-59.5333,77.29,69,55,16.6
535,Yanam,IN,2022-01-03 05:03:33,16.7333,82.2167,79.2,56,8,6.13
536,Port Hardy,CA,2022-01-03 05:03:33,50.6996,-127.4199,39.76,93,75,3.44
537,Nyurba,RU,2022-01-03 05:03:34,63.2842,118.3319,-29.54,99,100,2.68
538,Chornukhy,UA,2022-01-03 05:03:34,50.2673,32.942,31.87,96,100,18.54
539,Conceicao Do Araguaia,BR,2022-01-03 05:03:35,-8.2578,-49.2647,72.99,98,100,2.91
540,At-Bashi,KG,2022-01-03 05:03:35,41.1702,75.8106,20.03,70,63,3.47
541,Okato,NZ,2022-01-03 05:03:36,-39.2,173.8833,74.68,63,93,10.09
542,Shubarshi,KZ,2022-01-03 05:03:36,48.5872,57.1869,29.43,98,100,7.96
543,Medea,DZ,2022-01-03 05:03:36,36.2642,2.7539,39.65,36,38,4.12
544,Vaitape,PF,2022-01-03 05:03:37,-16.5167,-151.75,77.76,82,100,13.85
545,Omboue,GA,2022-01-03 05:03:37,-1.5746,9.2618,76.66,88,98,5.91
546,Lincoln,US,2022-01-03 05:00:36,40.8,-96.667,12.02,78,6,1.99
547,Sirsa,IN,2022-01-03 05:04:38,29.5333,75.0167,63.41,22,82,3.44
548,Rosarito,MX,2022-01-03 05:04:38,32.3333,-117.0333,52.92,35,0,4.72
549,Marsh Harbour,BS,2022-01-03 05:04:39,26.5412,-77.0636,75.83,75,2,11.5
550,Marawi,PH,2022-01-03 05:04:39,7.9986,124.2928,74.64,82,100,5.28
551,Beira,MZ,2022-01-03 05:04:40,-19.8436,34.8389,79.23,88,100,2.98
552,Berlevag,NO,2022-01-03 05:04:40,70.8578,29.0864,14.0,75,99,15.39
553,Kavaratti,IN,2022-01-03 05:04:40,10.5669,72.642,81.59,69,43,5.97
554,Jan Kempdorp,ZA,2022-01-03 05:04:41,-27.9225,24.8305,72.16,21,100,1.21
555,Ciudad Bolivar,VE,2022-01-03 05:04:41,8.1222,-63.5497,72.14,79,93,10.42
556,Reconquista,AR,2022-01-03 05:04:42,-29.15,-59.65,78.8,53,1,5.93
557,North Bend,US,2022-01-03 05:04:42,43.4065,-124.2243,54.91,88,100,4.0
558,Kyshtovka,RU,2022-01-03 05:04:43,56.555,76.6271,12.81,90,100,8.93
559,Krasnoselkup,RU,2022-01-03 05:04:43,65.7,82.4667,-15.5,99,50,9.53
560,Valle De Allende,MX,2022-01-03 05:04:44,26.9333,-105.4,42.44,34,2,2.95
561,Lima,PE,2022-01-03 05:00:36,-12.0432,-77.0282,69.91,81,98,4.72
562,Loei,TH,2022-01-03 05:04:44,17.4167,101.5,73.44,46,7,4.41
563,Baiyin,CN,2022-01-03 05:04:45,36.5583,104.2081,29.84,25,85,2.08
564,Ahuimanu,US,2022-01-03 05:04:45,21.4447,-157.8378,71.31,94,1,0.0
565,Chaozhou,CN,2022-01-03 05:01:05,23.6651,116.6379,69.62,57,22,3.0
566,Upata,VE,2022-01-03 05:04:46,8.0086,-62.3989,63.48,91,99,3.85
567,Yalta,UA,2022-01-03 05:04:46,44.5,34.1667,42.62,74,71,10.63
568,Ust-Kuyga,RU,2022-01-03 05:04:47,70.0167,135.6,-38.9,98,100,4.34
569,Bambanglipuro,ID,2022-01-03 05:04:47,-7.95,110.2833,82.67,69,96,7.94
570,Aleppo,SY,2022-01-03 05:04:48,36.25,37.5,40.5,61,1,7.96
571,Kholodnyy,RU,2022-01-03 05:04:48,62.7167,147.95,-14.53,98,100,2.66
572,Douala,CM,2022-01-03 05:04:49,4.0483,9.7043,76.78,89,59,3.51
573,Aklavik,CA,2022-01-03 05:04:49,68.2191,-135.0107,-17.75,94,100,8.59
574,Constitucion,CL,2022-01-03 05:04:49,-35.3333,-72.4167,59.02,93,3,5.68
575,Sioux Lookout,CA,2022-01-03 05:04:50,50.1001,-91.917,-3.89,93,81,4.85
576,Mogadishu,SO,2022-01-03 05:04:50,2.0371,45.3438,78.69,82,100,12.8
